product_name,image_url,price,page
Horizon Torus 5 Complete Home Gym,"https://res.cloudinary.com/moresport/image/upload/a_0,c_fill,f_auto,h_350,q_auto:good,w_350/v1575961299/assets/1172121_1172121-NC0_001.jpg",R 39999.90,1
Marcy Half Rack,"https://res.cloudinary.com/moresport/image/upload/a_0,c_fill,f_auto,h_350,q_auto:good,w_350/v1575961299/assets/1172222_1172222-NC0_001.jpg",R 7999.90,1
Marcy Power Tower,"https://res.cloudinary.com/moresport/image/upload/a_0,c_fill,f_auto,h_350,q_auto:good,w_350/v1575961299/assets/1172221_1172221-NC0_001.jpg",R 4999.90,1
HS Fitness Utility Bench,"https://res.cloudinary.com/moresport/image/upload/a_0,c_fill,f_auto,h_350,q_auto:good,w_350/v1575961299/assets/1178136_1178136-1_001.jpg",R 3999.90,1
OTG 0.5kg Weighted Bars,"https://res.cloudinary.com/moresport/image/upload/a_0,c_fill,f_auto,h_350,q_auto:good,w_350/v1575961299/assets/1185955_1185955-XFGG_001.jpg",R 349.90,1
OTG 6KG Dipping Dumbbell,"https://res.cloudinary.com/moresport/image/upload/a_0,c_fill,f_auto,h_350,q_auto:good,w_350/v1575961299/assets/1185978_1185978-98_001.jpg",R 299.90,1
OTG 4KG Dipping Dumbbell,"https://res.cloudinary.com/moresport/image/upload/a_0,c_fill,f_auto,h_350,q_auto:good,w_350/v1575961299/assets/1185976_1185976-X875_001.jpg",R 199.90,1
OTG 5KG Dipping Dumbbell,"https://res.cloudinary.com/moresport/image/upload/a_0,c_fill,f_auto,h_350,q_auto:good,w_350/v1575961299/assets/1185977_1185977-DSBE_001.jpg",R 249.90,1
OTG 1KG Dipping Dumbbell,"https://res.cloudinary.com/moresport/image/upload/a_0,c_fill,f_auto,h_350,q_auto:good,w_350/v1575961299/assets/1185973_1185973-147_001.jpg",R 49.90,1
OTG 2KG Dipping Dumbbell,"https://res.cloudinary.com/moresport/image/upload/a_0,c_fill,f_auto,h_350,q_auto:good,w_350/v1575961299/assets/1185974_1185974-167_001.jpg",R 99.90,1
OTG 3KG Dipping Dumbbell,"https://res.cloudinary.com/moresport/image/upload/a_0,c_fill,f_auto,h_350,q_auto:good,w_350/v1575961299/assets/1185975_1185975-XFGG_001.jpg",R 149.90,1
USA Pro Dipping Dumbbell 7.5KG,"https://res.cloudinary.com/moresport/image/upload/a_0,c_fill,f_auto,h_350,q_auto:good,w_350/v1575961299/assets/1189628_1189628-6_001.jpg",R 779.00,1
Everlast 18kg Dumbbell Set,"https://res.cloudinary.com/moresport/image/upload/a_0,c_fill,f_auto,h_350,q_auto:good,w_350/v1575961299/assets/1189943_1189943-1_001.jpg",R 1649.00,1
USA Pro Dipping Dumbbell 1.5KG,"https://res.cloudinary.com/moresport/image/upload/a_0,c_fill,f_auto,h_350,q_auto:good,w_350/v1575961299/assets/1189622_1189622-98_001.jpg",R 239.00,1
USA Pro Dipping Dumbbell 5KG,"https://res.cloudinary.com/moresport/image/upload/a_0,c_fill,f_auto,h_350,q_auto:good,w_350/v1575961299/assets/1189625_1189625-98_001.jpg",R 539.00,1
USA Pro Dipping Dumbbell 2KG,"https://res.cloudinary.com/moresport/image/upload/a_0,c_fill,f_auto,h_350,q_auto:good,w_350/v1575961299/assets/1189623_1189623-5_001.jpg",R 269.00,1
USA Pro Dipping Dumbbell 2.5KG,"https://res.cloudinary.com/moresport/image/upload/a_0,c_fill,f_auto,h_350,q_auto:good,w_350/v1575961299/assets/1189624_1189624-HYDr_001.jpg",R 329.00,1
USA Pro Dipping Dumbbell 10KG,"https://res.cloudinary.com/moresport/image/upload/a_0,c_fill,f_auto,h_350,q_auto:good,w_350/v1575961299/assets/1189627_1189627-1_001.jpg",R 1049.00,1
USA Pro Dipping Dumbbell 1KG,"https://res.cloudinary.com/moresport/image/upload/a_0,c_fill,f_auto,h_350,q_auto:good,w_350/v1575961299/assets/1189621_1189621-98_001.jpg",R 219.00,1
Everlast Kettlebell,"https://res.cloudinary.com/moresport/image/upload/a_0,c_fill,f_auto,h_350,q_auto:good,w_350/v1575961299/assets/1189908_1189908-1_001.jpg",R 819.00,1
Horizon Squat Rack,"https://res.cloudinary.com/moresport/image/upload/a_0,c_fill,f_auto,h_350,q_auto:good,w_350/v1575961299/assets/1187666_1187666-1_001.jpg",R 6499.90,1
Horizon Adjustable Bench,"https://res.cloudinary.com/moresport/image/upload/a_0,c_fill,f_auto,h_350,q_auto:good,w_350/v1575961299/assets/1187665_1187665-1_001.jpg",R 5999.90,1
Horizon Adjustable Dumbbell (20kg),"https://res.cloudinary.com/moresport/image/upload/a_0,c_fill,f_auto,h_350,q_auto:good,w_350/v1575961299/assets/1187664_1187664-1_001.jpg",R 5999.90,1
HS Fitness Wall Mounted Pull-Up Bar,"https://res.cloudinary.com/moresport/image/upload/a_0,c_fill,f_auto,h_350,q_auto:good,w_350/v1575961299/assets/1177989_1177989-1_001.jpg",R 999.90,1
Body Sculpture Dumbbell + Plate Stand,"https://res.cloudinary.com/moresport/image/upload/a_0,c_fill,f_auto,h_350,q_auto:good,w_350/v1575961299/assets/1177993_1177993-263_001.jpg",R 2799.90,1
HS Fitness Club Gym 1.0,"https://res.cloudinary.com/moresport/image/upload/a_0,c_fill,f_auto,h_350,q_auto:good,w_350/v1575961299/assets/1178165_1178165-1_001.jpg",R 12999.90,1
HS Fitness 16kg Rubber Coated Kettlebell,"https://res.cloudinary.com/moresport/image/upload/a_0,c_fill,f_auto,h_350,q_auto:good,w_350/v1575961299/assets/1178023_1178023-1_001.jpg",R 999.90,1
HS Fitness 10kg Rubber Coated Kettlebell,"https://res.cloudinary.com/moresport/image/upload/a_0,c_fill,f_auto,h_350,q_auto:good,w_350/v1575961299/assets/1178021_1178021-1_001.jpg",R 699.90,1
HS Fitness 12kg Rubber Coated Kettlebell,"https://res.cloudinary.com/moresport/image/upload/a_0,c_fill,f_auto,h_350,q_auto:good,w_350/v1575961299/assets/1178022_1178022-1_001.jpg",R 849.90,1
HS Fitness 8kg Rubber Coated Kettlebell,"https://res.cloudinary.com/moresport/image/upload/a_0,c_fill,f_auto,h_350,q_auto:good,w_350/v1575961299/assets/%201178020_1178020-1_001.jpg",R 549.90,1
HS Fitness 6kg Rubber Coated Kettlebell,"https://res.cloudinary.com/moresport/image/upload/a_0,c_fill,f_auto,h_350,q_auto:good,w_350/v1575961299/assets/1178018_1178018-1_001.jpg",R 399.90,1
HS Fitness 4kg Rubber Coated Kettlebell,"https://res.cloudinary.com/moresport/image/upload/a_0,c_fill,f_auto,h_350,q_auto:good,w_350/v1575961299/assets/1178017_1178017-1_001.jpg",R 299.90,1
HS Fitness 10kg Kettlebell,"https://res.cloudinary.com/moresport/image/upload/a_0,c_fill,f_auto,h_350,q_auto:good,w_350/v1575961299/assets/1178013_1178013-hgfv_001.jpg",R 329.90,2
HS Fitness 20kg Olympic Rubber Coated Grip Plate,"https://res.cloudinary.com/moresport/image/upload/a_0,c_fill,f_auto,h_350,q_auto:good,w_350/v1575961299/assets/1178027_1178027-blbl_001.jpg",R 1699.90,2
HS Fitness 2.5kg Olympic Rubber Coated Grip Plate,"https://res.cloudinary.com/moresport/image/upload/a_0,c_fill,f_auto,h_350,q_auto:good,w_350/v1575961299/assets/1178024_1178024-59ulb_001.jpg",R 249.90,2
HS Fitness 5kg Olympic Rubber Coated Grip Plate,"https://res.cloudinary.com/moresport/image/upload/a_0,c_fill,f_auto,h_350,q_auto:good,w_350/v1575961299/assets/1178025_1178025-263_001.jpg",R 499.90,2
HS Fitness 8kg Kettlebell,"https://res.cloudinary.com/moresport/image/upload/a_0,c_fill,f_auto,h_350,q_auto:good,w_350/v1575961299/assets/1178012_1178012-hgfv_001.jpg",R 249.90,2
HS Fitness 12kg Kettlebell,"https://res.cloudinary.com/moresport/image/upload/a_0,c_fill,f_auto,h_350,q_auto:good,w_350/v1575961299/assets/1178014_1178014-hgfv_001.jpg",R 399.90,2
HS Fitness 6kg Kettlebell,"https://res.cloudinary.com/moresport/image/upload/a_0,c_fill,f_auto,h_350,q_auto:good,w_350/v1575961299/assets/1178011_1178011-hgfv_001.jpg",R 199.90,2
HS Fitness 16kg Kettlebell,"https://res.cloudinary.com/moresport/image/upload/a_0,c_fill,f_auto,h_350,q_auto:good,w_350/v1575961299/assets/1178015_1178015-hgfv_001.jpg",R 549.90,2
Body Sculpture Weight Plate Stand,"https://res.cloudinary.com/moresport/image/upload/a_0,c_fill,f_auto,h_350,q_auto:good,w_350/v1575961299/assets/1177991_1177991-1_001.jpg",R 1199.90,2
HS Fitness 2kg Kettlebell,"https://res.cloudinary.com/moresport/image/upload/a_0,c_fill,f_auto,h_350,q_auto:good,w_350/v1575961299/assets/1178009_1178009-hgfv_001.jpg",R 69.90,2
HS Fitness 4kg Kettlebell,"https://res.cloudinary.com/moresport/image/upload/a_0,c_fill,f_auto,h_350,q_auto:good,w_350/v1575961299/assets/1178010_1178010-hgfv_001.jpg",R 129.90,2
HS Fitness Elite Weight Bench,"https://res.cloudinary.com/moresport/image/upload/a_0,c_fill,f_auto,h_350,q_auto:good,w_350/v1575961299/assets/1178134_1178134-1_001.jpg",R 6999.90,2
Body Sculpture Dumbbell Stand,"https://res.cloudinary.com/moresport/image/upload/a_0,c_fill,f_auto,h_350,q_auto:good,w_350/v1575961299/assets/1177992_1177992-1_001.jpg",R 999.90,2
HS Fitness Elite Powerlifting Bar (218cm),"https://res.cloudinary.com/moresport/image/upload/a_0,c_fill,f_auto,h_350,q_auto:good,w_350/v1575961299/assets/1177998_1177998-1_001.jpg",R 3999.90,2
HS Fitness 25kg Pro Bumper Plate,"https://res.cloudinary.com/moresport/image/upload/a_0,c_fill,f_auto,h_350,q_auto:good,w_350/v1575961299/assets/1173645_1173645-19_001.jpg",R 2499.90,2
HS Fitness 5kg Pro Bumper Plate,"https://res.cloudinary.com/moresport/image/upload/a_0,c_fill,f_auto,h_350,q_auto:good,w_350/v1575961299/assets/1173627_1173627-1_001.jpg",R 899.90,2
HS Fitness 10kg Pro Bumper Plate,"https://res.cloudinary.com/moresport/image/upload/a_0,c_fill,f_auto,h_350,q_auto:good,w_350/v1575961299/assets/1173642_1173642-9_001.jpg",R 1299.90,2
HS Fitness 15kg Pro Bumper Plate,"https://res.cloudinary.com/moresport/image/upload/a_0,c_fill,f_auto,h_350,q_auto:good,w_350/v1575961299/assets/1173643_1173643-XYel_001.jpg",R 1699.90,2
HS Fitness 20kg Pro Bumper Plate,"https://res.cloudinary.com/moresport/image/upload/a_0,c_fill,f_auto,h_350,q_auto:good,w_350/v1575961299/assets/1173644_1173644-5_001.jpg",R 1999.90,2
HS Fitness Pro Adjustable Bench,"https://res.cloudinary.com/moresport/image/upload/a_0,c_fill,f_auto,h_350,q_auto:good,w_350/v1575961299/assets/1169819_1169819-1_001.jpg",R 3999.90,2
OTG 6KG Dipping Dumbbell,"https://res.cloudinary.com/moresport/image/upload/a_0,c_fill,f_auto,h_350,q_auto:good,w_350/v1575961299/assets/1174699_1174699-9_001.jpg",R 299.90,2
HS Fitness 40Kg Rubber Hex Dumbbell,"https://res.cloudinary.com/moresport/image/upload/a_0,c_fill,f_auto,h_350,q_auto:good,w_350/v1575961299/assets/1171589_1171589-svsu_001.jpg",R 1999.90,2
HS Fitness 5Kg Rubber Hex Dumbbell,"https://res.cloudinary.com/moresport/image/upload/a_0,c_fill,f_auto,h_350,q_auto:good,w_350/v1575961299/assets/1171581_1171581-svsu_001.jpg",R 249.90,2
HS Fitness 12.5Kg Rubber Hex Dumbbell,"https://res.cloudinary.com/moresport/image/upload/a_0,c_fill,f_auto,h_350,q_auto:good,w_350/v1575961299/assets/1171584_1171584-svsu_001.jpg",R 649.90,2
HS Fitness 15Kg Rubber Hex Dumbbell,"https://res.cloudinary.com/moresport/image/upload/a_0,c_fill,f_auto,h_350,q_auto:good,w_350/v1575961299/assets/1171585_1171585-svsu_001.jpg",R 749.90,2
HS Fitness 20Kg Rubber Hex Dumbbell,"https://res.cloudinary.com/moresport/image/upload/a_0,c_fill,f_auto,h_350,q_auto:good,w_350/v1575961299/assets/1171586_1171586-svsu_001.jpg",R 999.90,2
HS Fitness 7.5Kg Rubber Hex Dumbbell,"https://res.cloudinary.com/moresport/image/upload/a_0,c_fill,f_auto,h_350,q_auto:good,w_350/v1575961299/assets/1171582_1171582-svsu_001.jpg",R 399.90,2
HS Fitness 10Kg Rubber Hex Dumbbell,"https://res.cloudinary.com/moresport/image/upload/a_0,c_fill,f_auto,h_350,q_auto:good,w_350/v1575961299/assets/1171583_1171583-svsu_001.jpg",R 499.90,2
HS Fitness 28kg Competition Kettlebell,"https://res.cloudinary.com/moresport/image/upload/a_0,c_fill,f_auto,h_350,q_auto:good,w_350/v1575961299/assets/1170433_1170433-141_001.jpg",R 2299.90,2
HS Fitness 24kg Competition Kettlebell,"https://res.cloudinary.com/moresport/image/upload/a_0,c_fill,f_auto,h_350,q_auto:good,w_350/v1575961299/assets/1170432_1170432-9_001.jpg",R 1999.90,2
HS Fitness 8kg Competition Kettlebell,"https://res.cloudinary.com/moresport/image/upload/a_0,c_fill,f_auto,h_350,q_auto:good,w_350/v1575961299/assets/1170428_1170428-155_001.jpg",R 699.90,2
HS Fitness 12kg Competition Kettlebell,"https://res.cloudinary.com/moresport/image/upload/a_0,c_fill,f_auto,h_350,q_auto:good,w_350/v1575961299/assets/1170429_1170429-5_001.jpg",R 1099.90,2
HS Fitness 16kg Competition Kettlebell,"https://res.cloudinary.com/moresport/image/upload/a_0,c_fill,f_auto,h_350,q_auto:good,w_350/v1575961299/assets/1170430_1170430-61_001.jpg",R 1399.90,3
HS Fitness 20kg Competition Kettlebell,"https://res.cloudinary.com/moresport/image/upload/a_0,c_fill,f_auto,h_350,q_auto:good,w_350/v1575961299/assets/1170431_1170431-157_001.jpg",R 1799.90,3
HS Fitness 10kg 50mm Olympic Grip Plate,"https://res.cloudinary.com/moresport/image/upload/a_0,c_fill,f_auto,h_350,q_auto:good,w_350/v1575961299/assets/1169566_1169566-1_001.jpg",R 599.90,3
HS Fitness 20kg 50mm Olympic Grip Plate,"https://res.cloudinary.com/moresport/image/upload/a_0,c_fill,f_auto,h_350,q_auto:good,w_350/v1575961299/assets/1169567_1169567-1_001.jpg",R 1199.90,3
HS Fitness 2.5kg 50mm Olympic Grip Plate,"https://res.cloudinary.com/moresport/image/upload/a_0,c_fill,f_auto,h_350,q_auto:good,w_350/v1575961299/assets/1169563_1169563-1_001.jpg",R 149.90,3
Olympic Bar 183cm,"https://res.cloudinary.com/moresport/image/upload/a_0,c_fill,f_auto,h_350,q_auto:good,w_350/v1575961299/assets/1168202_1168202-8s_001.jpg",R 1999.90,3
HS Fitness 15kg 30mm Grip Plate,"https://res.cloudinary.com/moresport/image/upload/a_0,c_fill,f_auto,h_350,q_auto:good,w_350/v1575961299/assets/1163051_1163051-1_001.jpg",R 699.90,3
HS Fitness 20kg 30mm Grip Plate,"https://res.cloudinary.com/moresport/image/upload/a_0,c_fill,f_auto,h_350,q_auto:good,w_350/v1575961299/assets/1163052_1163052-1_001.jpg",R 899.90,3
HS Fitness 2.5kg 30mm Grip Plate,"https://res.cloudinary.com/moresport/image/upload/a_0,c_fill,f_auto,h_350,q_auto:good,w_350/v1575961299/assets/1163047_1163047-1_001.jpg",R 129.90,3
HS Fitness 5kg 30mm Grip Plate,"https://res.cloudinary.com/moresport/image/upload/a_0,c_fill,f_auto,h_350,q_auto:good,w_350/v1575961299/assets/1163048_1163048-1_001.jpg",R 249.90,3
HS Fitness 7.5kg 30mm Plate Plate,"https://res.cloudinary.com/moresport/image/upload/a_0,c_fill,f_auto,h_350,q_auto:good,w_350/v1575961299/assets/1163049_1163049-1_001.jpg",R 379.90,3
HS Fitness 10kg 30mm Grip Plate,"https://res.cloudinary.com/moresport/image/upload/a_0,c_fill,f_auto,h_350,q_auto:good,w_350/v1575961299/assets/1163050_1163050-1_001.jpg",R 499.90,3
HS Fitness Body Gym,"https://res.cloudinary.com/moresport/image/upload/a_0,c_fill,f_auto,h_350,q_auto:good,w_350/v1575961299/assets/1147820_1147820-1_001.jpg",R 499.90,3
OTG 1KG Dipping Dumbbell,"https://res.cloudinary.com/moresport/image/upload/a_0,c_fill,f_auto,h_350,q_auto:good,w_350/v1575961299/assets/1146175_1146175-911_001.jpg",R 49.90,3
OTG 2KG Dipping Dumbbell,"https://res.cloudinary.com/moresport/image/upload/a_0,c_fill,f_auto,h_350,q_auto:good,w_350/v1575961299/assets/1146176_1146176-157_001.jpg",R 99.90,3
OTG 3KG Dipping Dumbbell,"https://res.cloudinary.com/moresport/image/upload/a_0,c_fill,f_auto,h_350,q_auto:good,w_350/v1575961299/assets/1146177_1146177-A1_001.jpg",R 149.90,3
OTG 4KG Dipping Dumbbell,"https://res.cloudinary.com/moresport/image/upload/a_0,c_fill,f_auto,h_350,q_auto:good,w_350/v1575961299/assets/1146178_1146178-98_001.jpg",R 199.90,3
OTG 5KG Dipping Dumbbell,"https://res.cloudinary.com/moresport/image/upload/a_0,c_fill,f_auto,h_350,q_auto:good,w_350/v1575961299/assets/1146179_1146179-87df_001.jpg",R 249.90,3
HS Fitness 50kg Barbell Set,"https://res.cloudinary.com/moresport/image/upload/a_0,c_fill,f_auto,h_350,q_auto:good,w_350/v1575961299/assets/1143285_1143285-1_001.jpg",R 2499.90,3
HS Fitness 1kg 30mm Plate,"https://res.cloudinary.com/moresport/image/upload/a_0,c_fill,f_auto,h_350,q_auto:good,w_350/v1575961299/assets/1143286_1143286-1_001.jpg",R 49.90,3
Chrome Spinlock Bar 218cm,"https://res.cloudinary.com/moresport/image/upload/a_0,c_fill,f_auto,h_350,q_auto:good,w_350/v1575961299/assets/1142420_1142420-8s_001.jpg",R 749.90,3
HS Fitness Push-Up Twister,"https://res.cloudinary.com/moresport/image/upload/a_0,c_fill,f_auto,h_350,q_auto:good,w_350/v1575961299/assets/1140389_1140389-1_001.jpg",R 499.90,3
HS Fitness V-Grip Handle,"https://res.cloudinary.com/moresport/image/upload/a_0,c_fill,f_auto,h_350,q_auto:good,w_350/v1575961299/assets/1133193_1133193-212_001.jpg",R 499.90,3
HS Fitness Straight Bar,"https://res.cloudinary.com/moresport/image/upload/a_0,c_fill,f_auto,h_350,q_auto:good,w_350/v1575961299/assets/1133194_1133194-212_001.jpg",R 499.90,3
HS Fitness V-Grip Bar,"https://res.cloudinary.com/moresport/image/upload/a_0,c_fill,f_auto,h_350,q_auto:good,w_350/v1575961299/assets/1133195_1133195-212_001.jpg",R 499.90,3
GF Ankle Strap,"https://res.cloudinary.com/moresport/image/upload/a_0,c_fill,f_auto,h_350,q_auto:good,w_350/v1575961299/assets/1126636_1126636-1_001.jpg",R 69.90,3
Olympic Deadlift Hex Bar,"https://res.cloudinary.com/moresport/image/upload/a_0,c_fill,f_auto,h_350,q_auto:good,w_350/v1575961299/assets/1119524_1119524-NC0_001.jpg",R 2999.90,3
EZ Olympic Curl Bar 120cm,"https://res.cloudinary.com/moresport/image/upload/a_0,c_fill,f_auto,h_350,q_auto:good,w_350/v1575961299/assets/1099723_1099723-NC0_001.jpg",R 999.90,3
Olympic Bar 218cm,"https://res.cloudinary.com/moresport/image/upload/a_0,c_fill,f_auto,h_350,q_auto:good,w_350/v1575961299/assets/1075754_1075754-8s_001.jpg",R 2499.90,3
HS Fitness 28mm Spring Collar Set,"https://res.cloudinary.com/moresport/image/upload/a_0,c_fill,f_auto,h_350,q_auto:good,w_350/v1575961299/assets/1072885_1072885-8s_001.jpg",R 79.90,3
Chrome Spinlock Bar 200cm,"https://res.cloudinary.com/moresport/image/upload/a_0,c_fill,f_auto,h_350,q_auto:good,w_350/v1575961299/assets/1065818_1065818-NC0_001.jpg",R 699.90,3
EZ Spinlock Curling Bar 120cm,"https://res.cloudinary.com/moresport/image/upload/a_0,c_fill,f_auto,h_350,q_auto:good,w_350/v1575961299/assets/1061905_1061905-NC0_001.jpg",R 499.90,3
Spinlock Bar 35cm,"https://res.cloudinary.com/moresport/image/upload/a_0,c_fill,f_auto,h_350,q_auto:good,w_350/v1575961299/assets/1061906_1061906-NC0_001.jpg",R 249.90,4
Spinlock Tricep Bar 86cm,"https://res.cloudinary.com/moresport/image/upload/a_0,c_fill,f_auto,h_350,q_auto:good,w_350/v1575961299/assets/1061907_1061907-NC0_001.jpg",R 799.90,4
Chrome Spinlock Bar 152cm,"https://res.cloudinary.com/moresport/image/upload/a_0,c_fill,f_auto,h_350,q_auto:good,w_350/v1575961299/assets/1061908_1061908-NC0_001.jpg",R 499.90,4
Chrome Spinlock Bar 165cm,"https://res.cloudinary.com/moresport/image/upload/a_0,c_fill,f_auto,h_350,q_auto:good,w_350/v1575961299/assets/1061911_1061911-NC0_001.jpg",R 549.90,4
Chrome Spinlock Bar 183cm,"https://res.cloudinary.com/moresport/image/upload/a_0,c_fill,f_auto,h_350,q_auto:good,w_350/v1575961299/assets/1061917_1061917-NC0_001.jpg",R 599.90,4
Chrome Bar 152cm,"https://res.cloudinary.com/moresport/image/upload/a_0,c_fill,f_auto,h_350,q_auto:good,w_350/v1575961299/assets/1061918_1061918-NC0_001.jpg",R 449.90,4
Chrome Bar 183cm,"https://res.cloudinary.com/moresport/image/upload/a_0,c_fill,f_auto,h_350,q_auto:good,w_350/v1575961299/assets/1061920_1061920-NC0_001.jpg",R 599.90,4
Chrome Bar 165cm,"https://res.cloudinary.com/moresport/image/upload/a_0,c_fill,f_auto,h_350,q_auto:good,w_350/v1575961299/assets/1061921_1061921-NC0_001.jpg",R 549.90,4
HS Fitness 20kg Rubber Coated Kettlebell,"https://res.cloudinary.com/moresport/image/upload/a_0,c_fill,f_auto,h_350,q_auto:good,w_350/v1575961299/assets/1185823_1185823-1_001.jpg",R 1149.90,4
Matrix Adjustable Dumbbell Storage Rack,"https://res.cloudinary.com/moresport/image/upload/a_0,c_fill,f_auto,h_350,q_auto:good,w_350/v1575961299/assets/1186006_1186006-1_001.jpg",R 4999.90,4
HS Fitness 10kg Olympic Rubber Coated Grip Plate,"https://res.cloudinary.com/moresport/image/upload/a_0,c_fill,f_auto,h_350,q_auto:good,w_350/v1575961299/assets/1178026_1178026-blaA_001.jpg",R 899.90,4
Matrix Adjustable Dumbbell (32kg),"https://res.cloudinary.com/moresport/image/upload/a_0,c_fill,f_auto,h_350,q_auto:good,w_350/v1575961299/assets/1178318_1178318-1_004.jpg",R 7999.90,4
HS Fitness 25Kg Rubber Hex Dumbbell,"https://res.cloudinary.com/moresport/image/upload/a_0,c_fill,f_auto,h_350,q_auto:good,w_350/v1575961299/assets/1171587_1171587-svsu_001.jpg",R 1249.90,4
HS Fitness 30Kg Rubber Hex Dumbbell,"https://res.cloudinary.com/moresport/image/upload/a_0,c_fill,f_auto,h_350,q_auto:good,w_350/v1575961299/assets/1171588_1171588-svsu_001.jpg",R 1499.90,4
HS Fitness 5kg 50mm Olympic Grip Plate,"https://res.cloudinary.com/moresport/image/upload/a_0,c_fill,f_auto,h_350,q_auto:good,w_350/v1575961299/assets/1169564_1169564-1_001.jpg",R 299.90,4
HS Fitness 2.5kg - 24kg Adjustable Twist Dumbbell,"https://res.cloudinary.com/moresport/image/upload/a_0,c_fill,f_auto,h_350,q_auto:good,w_350/v1575961299/assets/1153419_1153419-1_001.jpg",R 2499.90,4
HS Fitness 20kg Dumbbell Set,"https://res.cloudinary.com/moresport/image/upload/a_0,c_fill,f_auto,h_350,q_auto:good,w_350/v1575961299/assets/1143284_1143284-1_001.jpg",R 899.90,4
HS Fitness Plyobox,"https://res.cloudinary.com/moresport/image/upload/a_0,c_fill,f_auto,h_350,q_auto:good,w_350/v1575961299/assets/1140390_1140390-NC0_001.jpg",R 5499.90,4
HS Fitness Weighted Sandbag 15kg,"https://res.cloudinary.com/moresport/image/upload/a_0,c_fill,f_auto,h_350,q_auto:good,w_350/v1575961299/assets/1133461_1133461-1_001.jpg",R 699.90,4
HS Fitness Weighted Sandbag 20kg,"https://res.cloudinary.com/moresport/image/upload/a_0,c_fill,f_auto,h_350,q_auto:good,w_350/v1575961299/assets/1133462_1133462-1_001.jpg",R 799.90,4
